<?xml version="1.0" encoding="ISO-8859-1"?>
<!DOCTYPE metadata SYSTEM "http://www.fgdc.gov/metadata/fgdc-std-001-1998.dtd">
<metadata><idinfo><citation><citeinfo><origin>Maine Office of Geographic Information Systems (MEGIS)</origin><pubdate>20100407</pubdate><pubtime>Unknown</pubtime><title>cnty24</title><edition>v2</edition><geoform>vector digital data</geoform><serinfo><sername>Maine GIS</sername><issue>SDE server; Internet Data Catalog</issue></serinfo><pubinfo><pubplace>Augusta ME</pubplace><publish>Maine Office of Geographic Information Systems (MEGIS)</publish></pubinfo><onlink>http://megis.maine.gov/catalog/</onlink></citeinfo></citation><descript><abstract>CNTY24 contains state and county boundaries for Maine, mapped at 1:24,000 scale. The dataset has polygon topology and  was created in Arc/Info from METWP24 by a select on arcs coded TYPE = state, county, and coastline.</abstract><purpose>The dataset provides a ready reference for county boundaries, names and county codes at 1:24,000 scale. Not for use at scales larger than 1:24,000. Data at this scale is suitable for detailed studies and local planning.</purpose></descript><timeperd><timeinfo><rngdates><begdate>19480101</begdate><begtime>unknown</begtime><enddate>20020630</enddate><endtime>unknown</endtime></rngdates><sngdate><caldate>REQUIRED: The year (and optionally month, or month and day) for which the data set corresponds to the ground.</caldate></sngdate></timeinfo><current>source dates</current></timeperd><status><progress>Complete</progress><update>As needed</update></status><spdom><bounding><westbc>
-71.00335</westbc><eastbc>
-66.84954</eastbc><northbc>
47.4399</northbc><southbc>
42.97077</southbc></bounding></spdom><keywords><theme><themekt>ISO Keyword Thesaurus</themekt><themekey>boundaries</themekey></theme><theme><themekt>Maine GIS Thesaurus-Theme</themekt><themekey>counties</themekey><themekey>county codes</themekey><themekey>fips</themekey><themekey>government</themekey></theme><place><placekt>Maine GIS Thesaurus-Place</placekt><placekey>Maine</placekey><placekey>Androscoggin County</placekey><placekey>Aroostook County</placekey><placekey>Cumberland County</placekey><placekey>Franklin County</placekey><placekey>Hancock County</placekey><placekey>Kennebec County</placekey><placekey>Knox County</placekey><placekey>Lincoln County</placekey><placekey>Oxford County</placekey><placekey>Penobscot County</placekey><placekey>Piscataquis County</placekey><placekey>Sagadahoc County</placekey><placekey>Somerset County</placekey><placekey>Waldo County</placekey><placekey>Washington County</placekey><placekey>York County</placekey><placekey>United States</placekey></place><stratum><stratkt>GCMD Parameter Keyword</stratkt><stratkey>human dimensions</stratkey></stratum></keywords><accconst>none</accconst><useconst>Users must assume responsibility in determining the usability of this data for their purposes. Digital maps retain the accuracy of their source materials. The best use of data mapped at scales of 1:500,000 and 1:250,000 is in statewide planning and studies; at 1:100,000 in regional planning and studies; at 1:62,500 and 1:24,000 in detailed studies and local planning; and at 1:12,000 and 1:5,000 or larger scales in parcel level studies and detailed local planning. In the use of Maine GIS data, please check sources, scale, accuracy, currentness and other available information. Please confirm that you are using the correct copy of both data and metadata from the Maine GIS Data Catalog. Updates, corrections, and feedback, incorporated in the Maine GIS database are made in accordance with "Data Standards for Maine Geographic Information Systems", 2002, and coordinated by MEGIS.</useconst><ptcontac><cntinfo><cntorgp><cntorg>(MEGIS) Maine Office of Geographic Information Systems</cntorg><cntper>GIS Coordinator</cntper></cntorgp><cntpos>GIS Coordinator</cntpos><cntaddr><addrtype>mailing address</addrtype><address>State House Station 174</address><city>Augusta</city><state>ME</state><postal>04333-0174</postal><country>USA</country></cntaddr><cntvoice>207 624-7700</cntvoice><cntfax>207 287-3842</cntfax><hours>Monday through Friday 0800 - 1700 EST</hours></cntinfo></ptcontac><datacred>Credit should always be given to the data source and/or originator when the data is transferred or printed.</datacred><native>Maine Office of Information Technology (OIT) Oracle 9i, Maine Office of Geographic Information Systems (MEGIS), Maine GIS SDE, SDEUSER, SDE.DEFAULT, Maine GIS Internet Data Catalog http://megis.maine.gov/catalog/</native><crossref><citeinfo><origin>Maine Office of Geographic Information Systems (MEGIS)</origin><pubdate>20070701</pubdate><pubtime>Unknown</pubtime><title>metwp24</title><geoform>vector digital data</geoform><serinfo><sername>Maine GIS</sername><issue>SDE server; Internet Data Catalog</issue></serinfo><pubinfo><pubplace>Augusta ME</pubplace><publish>Maine Office of Geographic Information Systems</publish></pubinfo><onlink>http://megis.maine.gov/catalog/</onlink></citeinfo></crossref><crossref><citeinfo><origin>Maine State Planning Office (MESPO), Maine Office of Geographic Information Systems (MEGIS) (comp.)</origin><pubdate>20000701</pubdate><title>CNTYCODES</title><geoform>tabular digital data</geoform><serinfo><sername>Maine GIS</sername><issue>SDE server; Internet Data Catalog; Tables</issue></serinfo><pubinfo><pubplace>Augusta ME</pubplace><publish>Maine Office of Geographic Information Systems (MEGIS)</publish></pubinfo><onlink>http://megis.maine.gov/catalog/</onlink></citeinfo></crossref></idinfo><dataqual><attracc><attraccr>The attributes have been carefully examined for accuracy based on existing source material and limitations of scale.</attraccr></attracc><logic>Spatial topology meets "Data Standards for Maine Geographic Information Systems", June 2002, no overshoots, slivers, unresolved line segment intersections, open or unlabelled polygons.</logic><complete>Data set is complete.</complete><posacc><horizpa><horizpar>Approximate horizontal accuracy is 12 meters, assuming source data meets National Map Accuracy Standards. Horizontal positional accuracy for the digital data has been tested by on screen visual comparison to the source.</horizpar><qhorizpa><horizpav>12</horizpav><horizpae>Data was derived from digital data that meets National Map Accuracy Standards for 1:24,000 scale.</horizpae></qhorizpa></horizpa></posacc><lineage><srcinfo><srccite><citeinfo><origin>U.S. Department of Commerce (USDOC) National Institute of Standards and Technology (NIST)</origin><pubdate>19941228</pubdate><title>(FIPS55-3) CODES FOR NAMED POPULATED PLACES, PRIMARY COUNTY DIVISIONS, AND OTHER LOCATIONAL ENTITIES OF THE UNITED STATES</title><geoform>tabular digital data</geoform><serinfo><sername>Federal Information Processing Standards Publications (FIPS PUBS)</sername><issue>FIPSPUB55-3</issue></serinfo><pubinfo><pubplace>Washington DC</pubplace><publish>National Institute of Standards and Technology</publish></pubinfo><othercit>The Federal Information Processing Standards Publication Series of the National Institute of Standards and Technology (NIST) is the official publication relating to standards and guidelines adopted and promulgated under the provisions of Section 111(d) of the Federal Property and Administrative Services Act of 1949 as amended by the Computer Security Act of 1987, Public Law 100-235.</othercit></citeinfo></srccite><typesrc>paper and online</typesrc><srctime><timeinfo><sngdate><caldate>19941228</caldate><time>unknown</time></sngdate></timeinfo><srccurr>publication date</srccurr></srctime><srccitea>fips55-3</srccitea><srccontr>Federal Information Processing Standard (FIPS) 55-3 provides codes for named populated places, primary county divisions (such as townships and census county divisions), American Indian and Alaska Native areas, and several kinds of facilities. It also provides comparable codes for counties and equivalent legal and statistical entities.</srccontr></srcinfo><srcinfo><srccite><citeinfo><origin>Maine State Planning Office (MESPO)</origin><pubdate>19710513</pubdate><title>(GEOCODE) Standard Geographic Codes for Maine Minor Civil Divisions</title><edition>v1</edition><geoform>tabular digital data</geoform><pubinfo><pubplace>Augusta ME</pubplace><publish>Maine State Planning Office</publish></pubinfo><othercit>This citation is for the first official Standard Geographic Code endorsed and adopted by the Governor of Maine, on July 1, 1971. Geocodes have undergone subsequent revisions, all of  which were "officially" rolled back to this 1971 list by Maine's Information Services Policy Board (ISPB), as of January 2000. In 1971, all Maine state agencies were requested to implement these five digit geocodes, in agency information systems, to build a base of data for Maine's Minor Civil Divisions (MCDs) and to promote data sharing. Data coded by MCD may subsequently be summarized by any other type of region, administrative district, natural area, etc. The first two digits of the geocode represent the federal code (FIPS) for Maine counties, the remaining three digits uniquely identify each of Maine's MCDs and Reservations. As an information service to state agencies and the public, geocodes for Maine, are now maintained, updated and made available for download, in comma delimited text and .dbf format, through the Maine Office of Geographic Information Systems (MEGIS) Data Catalog at  http://megis.maine.gov/catalog/ , "Tables" link.</othercit><onlink>http://megis.maine.gov/catalog/</onlink></citeinfo></srccite><srctime><timeinfo><sngdate><caldate>19710701</caldate><time>unknown</time></sngdate></timeinfo><srccurr>publication date</srccurr></srctime><srccitea>geocode</srccitea><srccontr>In 1971, all Maine state agencies were requested to implement these five digit geocodes, in agency information systems, to build a base of data for Maine's Minor Civil Divisions (MCDs) and to promote data sharing. Data coded by MCD may subsequently be summarized by any other type of region, administrative district, natural area, etc. The first two digits of the geocode represent the federal (FIPS) code for Maine counties, the remaining three digits uniquely identify each of Maine's MCDs and Reservations. As an information service to state agencies and the public, geocodes for Maine, are now maintained, updated and made available for download, in comma delimited text and .dbf format, through the Maine Office of Geographic Information Systems.</srccontr></srcinfo><srcinfo><srccite><citeinfo><origin>U.S. Geological Survey (USGS)</origin><pubdate>multiple dates</pubdate><pubtime>Unknown</pubtime><title>(24k) USGS 1:24,000 scale quadrangles</title><geoform>map</geoform><serinfo><sername>National Mapping Program Standard Series Topographic Maps</sername><issue>USGS 7.5 Minute Map Series</issue></serinfo><pubinfo><pubplace>Reston VA</pubplace><publish>U.S. Geological Survey</publish></pubinfo><othercit>24000 Publication date is unique to each quadrangle in the map series. Standard 7.5x7.5 minute quadrangles cover geographic areas of 49 to 71 square miles. 1 inch at map scale represents 2000 feet.</othercit></citeinfo></srccite><srcscale>24000</srcscale><typesrc>stable-base material (mylar)</typesrc><srctime><timeinfo><rngdates><begdate>19480101</begdate><begtime>Unknown</begtime><enddate>Present</enddate><endtime>Unknown</endtime></rngdates></timeinfo><srccurr>publication date</srccurr></srctime><srccitea>24k</srccitea><srccontr>USGS 1:24,000 scale quadrangles represent both natural (contours, coast, ponds, rivers, streams) and manmade (boundaries, roads and other transportation) features of the land. The maps are compiled to National Map Accuracy Standards (+or- 12 meters, or 40 feet, for 1::24,000). Standard 7.5x7.5 minute quadrangles cover geographic areas of 49 to 71 square miles.  1 inch at map scale represents 2000 feet. Publication dates are unique to each quadrangle. USGS quadrangles are available in provisional, full publication and photorevised formats. Map revision is costly and budgetary constraints have limited the publication of revised maps. Over 700 USGS 1::24000 scale quadrangles have been scanned and vectorized to create a set of basemaps for Maine GIS.  Where USGS quadrangles are the source of Maine GIS maps, specific information on quadrangle publication dates (which range from 1948 to present) is available and quadrangle (tile) names can be derived by overlay or intersect with the MEGIS statewide tile index, INDEX24.</srccontr></srcinfo><srcinfo><srccite><citeinfo><origin>Maine Office of Geographic Information Systems (MEGIS)</origin><pubdate>20070701</pubdate><pubtime>Unknown</pubtime><title>metwp24</title><geoform>vector digital data</geoform><serinfo><sername>Maine GIS</sername><issue>SDE server; Internet Data Catalog</issue></serinfo><pubinfo><pubplace>Augusta ME</pubplace><publish>Maine Office of Geographic Information Systems</publish></pubinfo><onlink>http://megis.maine.gov/catalog/</onlink></citeinfo></srccite><srcscale>24000</srcscale><typesrc>online</typesrc><srctime><timeinfo><rngdates><begdate>19480101</begdate><begtime>Unknown</begtime><enddate>20050822</enddate><endtime>Unknown</endtime></rngdates></timeinfo><srccurr>source dates</srccurr></srctime><srccitea>metwp24</srccitea><srccontr>USGS24k arcs were "put" from METWP24 to complete the Knox county line in Penobscot Bay, and the state line east and south of Washington county.</srccontr></srcinfo><srcinfo><srccite><citeinfo><origin>U.S. Geological Survey (USGS)</origin><pubdate>multiple dates</pubdate><pubtime>Unknown</pubtime><title>(100k) USGS 1:100000 scale quadrangles</title><geoform>map</geoform><serinfo><sername>National Mapping Program Standard Series Topographic Maps</sername><issue>USGS 30 x 60 Minute Map Series</issue></serinfo><pubinfo><pubplace>Reston VA</pubplace><publish>U.S. Geological Survey</publish></pubinfo><othercit>Publication date is unique to each quadrangle in the map series. Standard 30x60 minute quadrangles cover geographic areas of 1578 to 2167 square miles. 1 inch at map scale represents 1.6 miles. The following information from the Mid-continent Mapping Center (MCMC) may be pertinent in the use of 100k data: "The 100k quadrangles were primarily produced using 15 minute copy. However, P (provisional) maps and other 7.5 minute copy were also used."</othercit></citeinfo></srccite><srcscale>100000</srcscale><typesrc>stable-base material (mylar)</typesrc><srctime><timeinfo><rngdates><begdate>19840101</begdate><begtime>Unknown</begtime><enddate>19861231</enddate><endtime>Unknown</endtime></rngdates></timeinfo><srccurr>publication date</srccurr></srctime><srccitea>100k</srccitea></srcinfo><srcinfo><srccite><citeinfo><origin>U.S. Geological Survey (USGS), Maine Office of Geographic Information Systems (MEGIS) (comp., ed.)</origin><pubdate>1995</pubdate><pubtime>Unknown</pubtime><title>coast</title><geoform>vector digital data</geoform><serinfo><sername>Maine GIS</sername><issue>SDE server; Internet Data Catalog</issue></serinfo><pubinfo><pubplace>Augusta ME</pubplace><publish>Maine Office of Geographic Information Systems (MEGIS)</publish></pubinfo></citeinfo></srccite><srcscale>24000</srcscale><typesrc>online</typesrc><srctime><timeinfo><rngdates><begdate>1948</begdate><begtime>Unknown</begtime><enddate>1999</enddate><endtime>Unknown</endtime></rngdates></timeinfo><srccurr>source dates</srccurr></srctime><srccitea>coast</srccitea></srcinfo><srcinfo><srccite><citeinfo><origin>U.S. Geological Survey (USGS)</origin><pubdate>multiple dates</pubdate><title>(PHOTOREV)USGS 1:24000 scale photorevised quadrangles</title><geoform>map</geoform><serinfo><sername>National Mapping Program Standard Series Topographic Maps Photorevised</sername><issue>USGS 7.5 Minute Map Series</issue></serinfo><pubinfo><pubplace>Reston VA</pubplace><publish>U.S. Geological Survey</publish></pubinfo><othercit>24000 Publication date is unique to each quadrangle in the map series. A schedule of updates to USGS 1:24000 scale quadrangles has produced "photorevisions" of the hard copy maps. 7.5x7.5 minute quadrangles cover geographic areas of 49 to 71 square miles. 1 inch at map scale represents 2000 feet.</othercit></citeinfo></srccite><srcscale>24000</srcscale><typesrc>stable-base material (mylar)</typesrc><srctime><timeinfo><sngdate><caldate>19780101</caldate><time>Unknown</time></sngdate></timeinfo><srccurr>publication date</srccurr></srctime><srccitea>photorev</srccitea></srcinfo><procstep><procdesc>CNTY24 version 1, contains state and county boundaries for Maine. The coverage has polygon topology and  was created in Arc/Info from METWP24 by a select on arcs coded TYPE = state, county, and coastline. Polygons in the coverage were labeled  with COUNTY, CNTYCODE, TAG, LAND, ISLAND. Arcs in the coverage were coded for SOURCE, TYPE and LAND. Coverage attributes were carefully examined for accuracy based on existing source material and limitations of scale. LABEL ERRORS and NODE ERRORS were resolved. The coverage was CLEANED and BUILT with POLYGON topology.</procdesc><srcused>metwp24</srcused><procdate>20021125</procdate><proccont><cntinfo><cntorgp><cntorg>(MEGIS) Maine Office of Geographic Information Systems</cntorg><cntper>GIS Coordinator</cntper></cntorgp><cntpos>GIS Coordinator</cntpos><cntaddr><addrtype>mailing address</addrtype><address>State House Station 174</address><city>Augusta</city><state>ME</state><postal>04333-0174</postal><country>USA</country></cntaddr><cntvoice>207 624-7700</cntvoice><cntfax>207 287-3842</cntfax><hours>Monday through Friday 0800 - 1700 EST</hours></cntinfo></proccont></procstep><procstep><procdesc>The item CNTYCODENUM was added to provide a text type and numeric type field for the county code.</procdesc><procdate>20050506</procdate><proccont><cntinfo><cntorgp><cntorg>(MEGIS) Maine Office of Geographic Information Systems</cntorg><cntper>GIS Coordinator</cntper></cntorgp><cntpos>GIS Coordinator</cntpos><cntaddr><addrtype>mailing address</addrtype><address>State House Station 174</address><city>Augusta</city><state>ME</state><postal>04333-0174</postal><country>USA</country></cntaddr><cntvoice>207 624-7700</cntvoice><cntfax>207 287-3842</cntfax><hours>Monday through Friday 0800 - 1700 EST</hours></cntinfo></proccont></procstep><procstep><procdesc>County boundaries were updated to reflect the following town boundary changes:

Vienna/Chesterville - Town and County boundary changed per report from town official - FIRM maps and Patten Corp Plan #979 provided to verify change.

Leeds/Wayne - Town and County boundary corrected with survey from Leeds.</procdesc><procdate>04/07/2010</procdate><proccont><cntinfo><cntorgp><cntorg>Maine Office of GIS</cntorg></cntorgp><cntpos>GIS Coordinator</cntpos><cntaddr><addrtype>mailing address</addrtype><address>State House Station #174</address><city>Augusta</city><state>Maine</state><postal>04955</postal><country>USA</country></cntaddr><cntvoice>207-624-7700</cntvoice><cntfax>207-287-3842</cntfax></cntinfo></proccont></procstep><procstep><procdesc>Metadata imported.</procdesc><srcused>U:\projects\metadata\up_to_date\datasets\cnty24.xml</srcused><date>20100407</date><time>13594100</time></procstep></lineage><cloud>0</cloud></dataqual><spdoinfo><direct>Vector</direct><ptvctinf><esriterm Name="Maine_Public_Health_Districts_1"><efeatyp Sync="TRUE">Simple</efeatyp><efeageom code="4" Sync="TRUE"></efeageom><esritopo Sync="TRUE">FALSE</esritopo><efeacnt Sync="TRUE">0</efeacnt><spindex Sync="TRUE">FALSE</spindex><linrefer Sync="TRUE">FALSE</linrefer></esriterm></ptvctinf></spdoinfo><spref><horizsys><planar><planci><plance>Coordinate Pair</plance><coordrep><absres>1</absres><ordres>1</ordres></coordrep><plandu>meters</plandu></planci></planar><geodetic><horizdn>North American Datum of 1983</horizdn><ellips>Geodetic Reference System 80</ellips><semiaxis>6378137</semiaxis><denflat>298.257</denflat></geodetic></horizsys><vertdef><altsys><altres>1.000000</altres><altenc>Explicit elevation coordinate included with horizontal coordinates</altenc></altsys></vertdef></spref><eainfo><detailed Name="Maine_Public_Health_Districts_1"><enttyp><enttypl>
CNTY24L</enttypl><enttypd>arc feature class</enttypd><enttypds>Environmental Systems Research Institute, Inc. (ESRI)</enttypds><enttypt Sync="TRUE">Feature Class</enttypt><enttypc Sync="TRUE">0</enttypc></enttyp><attr><attrlabl>FID</attrlabl><attrdef>Internal feature number.</attrdef><attrdefs>ESRI</attrdefs><attrdomv><udom>Sequential unique whole numbers that are automatically generated.</udom></attrdomv><attalias Sync="TRUE">FID</attalias><attrtype Sync="TRUE">OID</attrtype><attwidth Sync="TRUE">4</attwidth><atprecis Sync="TRUE">0</atprecis><attscale Sync="TRUE">0</attscale></attr><attr><attrlabl>Shape</attrlabl><attrdef>Feature geometry.</attrdef><attrdefs>ESRI</attrdefs><attrdomv><udom>Coordinates defining the features.</udom></attrdomv><attalias Sync="TRUE">Shape</attalias><attrtype Sync="TRUE">Geometry</attrtype><attwidth Sync="TRUE">0</attwidth><atprecis Sync="TRUE">0</atprecis><attscale Sync="TRUE">0</attscale></attr><attr><attrlabl Sync="TRUE">Pub_Hlth_D</attrlabl><attalias Sync="TRUE">Pub_Hlth_D</attalias><attrtype Sync="TRUE">String</attrtype><attwidth Sync="TRUE">12</attwidth><atprecis Sync="TRUE">0</atprecis><attscale Sync="TRUE">0</attscale></attr><attr><attrlabl Sync="TRUE">Dist_Nam</attrlabl><attalias Sync="TRUE">Dist_Nam</attalias><attrtype Sync="TRUE">String</attrtype><attwidth Sync="TRUE">25</attwidth><atprecis Sync="TRUE">0</atprecis><attscale Sync="TRUE">0</attscale></attr></detailed><detailed><enttyp><enttypl>
CNTY24P</enttypl><enttypd>polygon feature class</enttypd><enttypds>Environmental Systems Research Institute, Inc. (ESRI)</enttypds></enttyp><attr><attrlabl>CNTYCODE</attrlabl><attrdef>Code corresponds to the federal (FIPS) code established for each of Maine's sixteen counties. The county code is also represented in the first two digits of Maine's official "Standard Geographic Code (geocode) a five digit code that uniquely identifies minor civil divisions and indian reservations in the Maine.</attrdef><attrdefs>National Bureau of Standards</attrdefs><attrdomv><edom><edomv>01</edomv><edomv>03</edomv><edomv>05</edomv><edomv>07</edomv><edomv>09</edomv><edomv>11</edomv><edomv>13</edomv><edomv>15</edomv><edomv>17</edomv><edomv>19</edomv><edomv>21</edomv><edomv>23</edomv><edomv>25</edomv><edomv>27</edomv><edomv>29</edomv><edomv>31</edomv><edomvd>Androscoggin</edomvd><edomvd>Aroostook</edomvd><edomvd>Cumberland</edomvd><edomvd>Franklin</edomvd><edomvd>Hancock</edomvd><edomvd>Kennebec</edomvd><edomvd>Knox</edomvd><edomvd>Lincoln</edomvd><edomvd>Oxford</edomvd><edomvd>Penobscot</edomvd><edomvd>Piscataquis</edomvd><edomvd>Sagadahoc</edomvd><edomvd>Somerset</edomvd><edomvd>Waldo</edomvd><edomvd>Washington</edomvd><edomvd>York</edomvd></edom></attrdomv></attr><attr><attrlabl>CNTYCODENUM</attrlabl><attrdef>numeric data type equivalent to CNTYCODE field</attrdef><attrdefs>Maine Office of GIS</attrdefs></attr><attr><attrlabl>COUNTY</attrlabl><attrdef>Maine county name</attrdef><attrdefs>Maine Office of GIS</attrdefs><attrdomv><edom><edomv>Androscoggin</edomv><edomv>Aroostook</edomv><edomv>Cumberland</edomv><edomv>Franklin</edomv><edomv>Hancock</edomv><edomv>Kennebec</edomv><edomv>Knox</edomv><edomv>Lincoln</edomv><edomv>Oxford</edomv><edomv>Penobscot</edomv><edomv>Piscataquis</edomv><edomv>Sagadahoc</edomv><edomv>Somerset</edomv><edomv>Waldo</edomv><edomv>Washington</edomv><edomv>York</edomv><edomvd>Maine county name</edomvd><edomvd>Maine county name</edomvd><edomvd>Maine county name</edomvd><edomvd>Maine county name</edomvd><edomvd>Maine county name</edomvd><edomvd>Maine county name</edomvd><edomvd>Maine county name</edomvd><edomvd>Maine county name</edomvd><edomvd>Maine county name</edomvd><edomvd>Maine county name</edomvd><edomvd>Maine county name</edomvd><edomvd>Maine county name</edomvd><edomvd>Maine county name</edomvd><edomvd>Maine county name</edomvd><edomvd>Maine county name</edomvd><edomvd>Maine county name</edomvd></edom></attrdomv></attr><attr><attrlabl>ISLAND</attrlabl><attrdef>identifies polygons that represent islands</attrdef><attrdefs>Maine Office of GIS</attrdefs><attrdomv><edom><edomv>y</edomv><edomv>n</edomv><edomvd>polygon represents coastal, lake or river mouth island</edomvd><edomvd>non-island polygon</edomvd></edom></attrdomv></attr><attr><attrlabl>LAND</attrlabl><attrdef>identifies land and non-land areas</attrdef><attrdefs>Maine Office of GIS</attrdefs><attrdomv><edom><edomv>y</edomv><edomv>n</edomv><edomvd>Polygon represents land area.</edomvd><edomvd>Polygon represents fresh, estuarine, or marine water area.</edomvd></edom></attrdomv></attr><attr><attrlabl>TAG</attrlabl><attrdef>item used to select a single feature for labeling purposes</attrdef><attrdefs>Maine Office of GIS</attrdefs><attrdomv><edom><edomv>y</edomv><edomv>n</edomv><edomvd>Use point for labeling.</edomvd><edomvd>Do not use point for labeling.</edomvd></edom></attrdomv></attr><attr/><attr/></detailed><overview><eaover>CNTY24 contains state and county boundaries for Maine. The coverage has polygon topology and  was created in Arc/Info from METWP24 by a select on arcs coded TYPE = state, county, and coastline. Polygons in the coverage are labeled with COUNTY, CNTYCODE, TAG, LAND, ISLAND. Arcs in the coverage are coded for TYPE and LAND. Please note recommended feature level metadata items FMSRC, FMSRCORG, FMSRCDAT, FMPROCSS, FMUPDORG, FMUPDDAT have been added to the arc coding of this coverage to replace the item SOURCE. These items are intended for use in providing specific information about the source of changes to the location of arc features in the coverage and contain codes that cross reference the elements Source Citation Abbreviation, Source Publication Date, Process Step, Process Contact and Process Date in Federal Geographic Data Committee(FGDC) compliant metadata for the coverage. For more information and tables related to feature level metadata see http://megis.maine.gov/standards/flmeta/fmbrief.htm .</eaover><eadetcit>The  ArcView shapefile and ArcGIS geodatabase formats, commonly used for Maine GIS data, carry default identifiers and attributes that are software generated and/or important for internal recordkeeping. These are listed here to avoid repetition for every layer, and may not be repeated in the attribute descriptions and definitions of each layer. Common software generated identifiers and attributes in Maine GIS data include: FID (feature identifier), Shape (feature geometry), OBJECTID and SHAPE_lengt.  In addition, most GIS formats will carry fields for PERIMETER, AREA and/or LENGTH according to feature geometry. These fields are typically available by default, with the units based on coordinate system or projection units of GIS data. Most GIS software packages also provide a means to calculate these values. It is important to test any columns containing PERIMETER, AREA or LENGTH values before using them for analysis purposes. These important values can be carried from format to format and become out-dated. Verify that the values are correct. Also, in your GIS software, please view the properties of data layers for the map units used to calculate these fields, and for the units set for display purposes.</eadetcit></overview></eainfo><distinfo><distrib><cntinfo><cntorgp><cntorg>(MEGIS) Maine Office of Geographic Information Systems</cntorg><cntper>GIS Coordinator</cntper></cntorgp><cntpos>GIS Coordinator</cntpos><cntaddr><addrtype>mailing address</addrtype><address>State House Station 174</address><city>Augusta</city><state>ME</state><postal>04333-0174</postal><country>USA</country></cntaddr><cntvoice>207 624-7700</cntvoice><cntfax>207 287-3842</cntfax><hours>Monday through Friday 0800 - 1700 EST</hours></cntinfo></distrib><resdesc>Downloadable Data</resdesc><distliab>Users must assume responsibility to determine the usability of this data for their purposes. Although these data have been processed successfully on a computer system at the Maine Office of Geographic Information Systems, no warranty expressed or implied is made by MEGIS regarding the utility of the data on any other system, nor shall the act of distribution constitute any such warranty. Neither the Maine Office of Geographic Information Systems, nor any of its contributors, is liable for misuse of the data, for damage, for transmission of viruses, or for computer contamination through the distribution of these data sets.</distliab><stdorder><digform><digtinfo><formname>ESRI Shapefile</formname><formvern>ARC Version 9.x</formvern><formspec>ArcGIS Shapefile Format</formspec><formcont>MEGIS has all vector layers in the Maine GIS Internet Data Catalog available in ESRI's ArcGIS shapefile format. A shapefile is a simple non-topological format that stores the geometry and attribute information for a set of geographic features as a set of vector (point, line, polygon) coordinates. Shapefiles draw quickly and directly in ArcView, ArcGIS, ArcExplorer. Shapefiles are a compatible data type for many other types of GIS software. Three files are fundamental to each shapefile: .shp stores the feature geometry (shape and location information); .shx stores the index of the feature geometry; .dbf a dBASE (TM) file stores the attribute information for the features. Other index files may be created to help speed analysis and query: these file formats are .sbn  .sbx  .ain .aix .fbn and .fbx. In addition you may find projection .prj, and metadata .xml, files associated with shapefiles.\</formcont><filedec>Data available from this website is in .zip compressed format. WinZip is a Windows based, PKZip-compatible compression utility. You will need a program like this to extract the data.</filedec><transize>0.000</transize></digtinfo><digtopt><onlinopt><computer><networka><networkr>http://megis.maine.gov/catalog/</networkr></networka></computer><accinstr>If you are not already a GIS user, free software for viewing these files is available from Environmental Systems Research Institute, Inc. (ESRI) - www.esri.com</accinstr></onlinopt></digtopt></digform><fees>Data may be downloaded from Maine GIS Internet Data Catalog at no charge.</fees><turnarnd>Data is available for immediate download from the Maine GIS Internet Data Catalog.</turnarnd></stdorder><techpreq>If you are not already a GIS user, free software for viewing these files is available from Environmental Systems Research Institute, Inc. (ESRI)  http://www.esri.com</techpreq><availabl><timeinfo><rngdates><begdate>20021125</begdate><enddate>Present</enddate></rngdates></timeinfo></availabl></distinfo><distinfo><distrib><cntinfo><cntorgp><cntorg>Maine Office of Geographic Information Systems</cntorg></cntorgp><cntpos>GIS Coordinator</cntpos><cntaddr><addrtype>mailing address</addrtype><address>State House Station 174</address><city>Augusta</city><state>ME</state><postal>04333-0174</postal><country>USA</country></cntaddr><cntvoice>(207) 624-7700</cntvoice><cntfax>(207) 287-3842</cntfax><hours>Monday through Friday 0800 - 1700 EST</hours></cntinfo></distrib><resdesc>Downloadable Data</resdesc><distliab>Users must assume responsibility to determine the usability of this data for their purposes.</distliab><stdorder><digform><digtinfo><formname>ARCSDE</formname><formvern>ArcSDE 9.x</formvern><formcont>Oracle 9i</formcont><transize>0.000</transize></digtinfo><digtopt><onlinopt><accinstr>Please contact the Maine Office of GIS (MEGIS) for access instructions.</accinstr></onlinopt></digtopt></digform><fees>Access is available through Maine's wide area network;  WAN users may contact the Maine Office of Information Technology, Maine Office of Geographic Information Systems (MEGIS) for a login.</fees></stdorder></distinfo><metainfo><metd>20050506</metd><metrd>20100407</metrd><metc><cntinfo><cntorgp><cntorg>(MEGIS) Maine Office of Geographic Information Systems</cntorg><cntper>GIS Coordinator</cntper></cntorgp><cntpos>GIS Coordinator</cntpos><cntaddr><addrtype>mailing address</addrtype><address>State House Station 174</address><city>Augusta</city><state>ME</state><postal>04333-0174</postal><country>USA</country></cntaddr><cntvoice>207 624-7700</cntvoice><cntfax>207 287-3842</cntfax><hours>Monday through Friday 0800 - 1700 EST</hours></cntinfo></metc><metstdn>FGDC Content Standards for Digital Geospatial Metadata</metstdn><metstdv>FGDC-STD-001-1998</metstdv><mettc>local time</mettc><metac>None</metac><metuc>None</metuc></metainfo><mdDateSt>20100408</mdDateSt><dataIdInfo><envirDesc>Microsoft Windows XP Version 5.1 (Build 2600) Service Pack 3; ESRI ArcCatalog 9.3.1.3500</envirDesc><dataLang><languageCode value="en"/><countryCode value="USA"/></dataLang><idCitation><resTitle>cnty24p</resTitle><presForm><PresFormCd value="005"/></presForm></idCitation><spatRpType><SpatRepTypCd value="001"/></spatRpType></dataIdInfo><mdLang><languageCode value="en"/><countryCode value="USA"/></mdLang><mdStanName>ISO 19115 Geographic Information - Metadata</mdStanName><mdStanVer>DIS_ESRI1.0</mdStanVer><mdChar><CharSetCd value="004"/></mdChar><mdHrLv><ScopeCd value="005"/></mdHrLv><mdHrLvName>dataset</mdHrLvName><distInfo><distributor><distorTran><onLineSrc><orDesc>002</orDesc><linkage>file://\\oit-teaqfsemc01\oit-mgis\projects\datacatalog\ForWeb\cnty24p.shp</linkage><protocol>Local Area Network</protocol></onLineSrc><transSize>0.000</transSize></distorTran><distorFormat><formatName>Shapefile</formatName></distorFormat></distributor><distFormat><formatName>Shapefile</formatName></distFormat><distTranOps><transSize>0.032</transSize></distTranOps></distInfo><refSysInfo><RefSystem><refSysID><identCode>NAD_1983_UTM_Zone_19N</identCode><idCodeSpace>EPSG</idCodeSpace><idVersion>7.11.2</idVersion></refSysID></RefSystem></refSysInfo><spatRepInfo><VectSpatRep><geometObjs Name="Maine_Public_Health_Districts_1"><geoObjTyp><GeoObjTypCd value="002" Sync="TRUE"></GeoObjTypCd></geoObjTyp><geoObjCnt Sync="TRUE">0</geoObjCnt></geometObjs><topLvl><TopoLevCd value="001" Sync="TRUE"></TopoLevCd></topLvl></VectSpatRep></spatRepInfo><Esri><CreaDate>20160912</CreaDate><CreaTime>13425400</CreaTime><ArcGISFormat>1.0</ArcGISFormat><SyncOnce>FALSE</SyncOnce><DataProperties><lineage><Process ToolSource="c:\program files (x86)\arcgis\desktop10.3\ArcToolbox\Toolboxes\Data Management Tools.tbx\CalculateField" Date="20160912" Time="115021">CalculateField Maine_Public_Health_Districts Pub_Hlth_D "District 8" VB #</Process><Process ToolSource="c:\program files (x86)\arcgis\desktop10.3\ArcToolbox\Toolboxes\Data Management Tools.tbx\CalculateField" Date="20160912" Time="115113">CalculateField Maine_Public_Health_Districts Pub_Hlth_D "District 5" VB #</Process><Process ToolSource="c:\program files (x86)\arcgis\desktop10.3\ArcToolbox\Toolboxes\Data Management Tools.tbx\CalculateField" Date="20160912" Time="115159">CalculateField Maine_Public_Health_Districts Pub_Hlth_D "District 2" VB #</Process><Process ToolSource="c:\program files (x86)\arcgis\desktop10.3\ArcToolbox\Toolboxes\Data Management Tools.tbx\CalculateField" Date="20160912" Time="115314">CalculateField Maine_Public_Health_Districts Pub_Hlth_D "District 7" VB #</Process><Process ToolSource="c:\program files (x86)\arcgis\desktop10.3\ArcToolbox\Toolboxes\Data Management Tools.tbx\CalculateField" Date="20160912" Time="115514">CalculateField Maine_Public_Health_Districts Pub_Hlth_D "District 4" VB #</Process><Process ToolSource="c:\program files (x86)\arcgis\desktop10.3\ArcToolbox\Toolboxes\Data Management Tools.tbx\CalculateField" Date="20160912" Time="115613">CalculateField Maine_Public_Health_Districts Pub_Hlth_D "District 6" VB #</Process><Process ToolSource="c:\program files (x86)\arcgis\desktop10.3\ArcToolbox\Toolboxes\Data Management Tools.tbx\CalculateField" Date="20160912" Time="115752">CalculateField Maine_Public_Health_Districts Pub_Hlth_D "District 3" VB #</Process><Process ToolSource="c:\program files (x86)\arcgis\desktop10.3\ArcToolbox\Toolboxes\Data Management Tools.tbx\CalculateField" Date="20160912" Time="115832">CalculateField Maine_Public_Health_Districts Pub_Hlth_D "District 1" VB #</Process><Process ToolSource="c:\program files (x86)\arcgis\desktop10.3\ArcToolbox\Toolboxes\Data Management Tools.tbx\CalculateField" Date="20160912" Time="120029">CalculateField Maine_Public_Health_Districts Dist_Nam "York District" VB #</Process><Process ToolSource="c:\program files (x86)\arcgis\desktop10.3\ArcToolbox\Toolboxes\Data Management Tools.tbx\CalculateField" Date="20160912" Time="120109">CalculateField Maine_Public_Health_Districts Dist_Nam "Downeast District" VB #</Process><Process ToolSource="c:\program files (x86)\arcgis\desktop10.3\ArcToolbox\Toolboxes\Data Management Tools.tbx\CalculateField" Date="20160912" Time="120148">CalculateField Maine_Public_Health_Districts Dist_Nam "Penquis District" VB #</Process><Process ToolSource="c:\program files (x86)\arcgis\desktop10.3\ArcToolbox\Toolboxes\Data Management Tools.tbx\CalculateField" Date="20160912" Time="120221">CalculateField Maine_Public_Health_Districts Dist_Nam "Western District" VB #</Process><Process ToolSource="c:\program files (x86)\arcgis\desktop10.3\ArcToolbox\Toolboxes\Data Management Tools.tbx\CalculateField" Date="20160912" Time="120241">CalculateField Maine_Public_Health_Districts Dist_Nam "Aroostook District" VB #</Process><Process ToolSource="c:\program files (x86)\arcgis\desktop10.3\ArcToolbox\Toolboxes\Data Management Tools.tbx\CalculateField" Date="20160912" Time="120303">CalculateField Maine_Public_Health_Districts Dist_Nam "Cumberland District" VB #</Process><Process ToolSource="c:\program files (x86)\arcgis\desktop10.3\ArcToolbox\Toolboxes\Data Management Tools.tbx\CalculateField" Date="20160912" Time="120337">CalculateField Maine_Public_Health_Districts Dist_Nam "Central District" VB #</Process><Process ToolSource="c:\program files (x86)\arcgis\desktop10.3\ArcToolbox\Toolboxes\Data Management Tools.tbx\CalculateField" Date="20160912" Time="120408">CalculateField Maine_Public_Health_Districts Dist_Nam "Midcoastl District" VB #</Process></lineage><itemProps><itemName Sync="TRUE">Maine_Public_Health_Districts_1</itemName><imsContentType Sync="TRUE">002</imsContentType><itemSize Sync="TRUE">0.000</itemSize><itemLocation><linkage Sync="TRUE">file://\\DC2HCX1\C$\Users\Bampton\Desktop\Maine_Public_Health\Maine_Public_Health_Districts_1</linkage><protocol Sync="TRUE">Local Area Network</protocol></itemLocation></itemProps><coordRef><type Sync="TRUE">Projected</type><geogcsn Sync="TRUE">GCS_North_American_1983</geogcsn><csUnits Sync="TRUE">Linear Unit: Meter (1.000000)</csUnits><projcsn Sync="TRUE">NAD_1983_UTM_Zone_19N</projcsn><peXml Sync="TRUE">&lt;ProjectedCoordinateSystem xsi:type='typens:ProjectedCoordinateSystem' xmlns:xsi='http://www.w3.org/2001/XMLSchema-instance' xmlns:xs='http://www.w3.org/2001/XMLSchema' xmlns:typens='http://www.esri.com/schemas/ArcGIS/10.3'&gt;&lt;WKT&gt;PROJCS[&amp;quot;NAD_1983_UTM_Zone_19N&amp;quot;,GEOGCS[&amp;quot;GCS_North_American_1983&amp;quot;,DATUM[&amp;quot;D_North_American_1983&amp;quot;,SPHEROID[&amp;quot;GRS_1980&amp;quot;,6378137.0,298.257222101]],PRIMEM[&amp;quot;Greenwich&amp;quot;,0.0],UNIT[&amp;quot;Degree&amp;quot;,0.0174532925199433]],PROJECTION[&amp;quot;Transverse_Mercator&amp;quot;],PARAMETER[&amp;quot;False_Easting&amp;quot;,500000.0],PARAMETER[&amp;quot;False_Northing&amp;quot;,0.0],PARAMETER[&amp;quot;Central_Meridian&amp;quot;,-69.0],PARAMETER[&amp;quot;Scale_Factor&amp;quot;,0.9996],PARAMETER[&amp;quot;Latitude_Of_Origin&amp;quot;,0.0],UNIT[&amp;quot;Meter&amp;quot;,1.0],AUTHORITY[&amp;quot;EPSG&amp;quot;,26919]]&lt;/WKT&gt;&lt;XOrigin&gt;-5120900&lt;/XOrigin&gt;&lt;YOrigin&gt;-9998100&lt;/YOrigin&gt;&lt;XYScale&gt;450445547.3910538&lt;/XYScale&gt;&lt;ZOrigin&gt;-100000&lt;/ZOrigin&gt;&lt;ZScale&gt;10000&lt;/ZScale&gt;&lt;MOrigin&gt;-100000&lt;/MOrigin&gt;&lt;MScale&gt;10000&lt;/MScale&gt;&lt;XYTolerance&gt;0.001&lt;/XYTolerance&gt;&lt;ZTolerance&gt;0.001&lt;/ZTolerance&gt;&lt;MTolerance&gt;0.001&lt;/MTolerance&gt;&lt;HighPrecision&gt;true&lt;/HighPrecision&gt;&lt;WKID&gt;26919&lt;/WKID&gt;&lt;LatestWKID&gt;26919&lt;/LatestWKID&gt;&lt;/ProjectedCoordinateSystem&gt;</peXml></coordRef><copyHistory><copy source="C:\Users\Bampton\Desktop\Maine_Public_Health_Districts_1" dest="\\DC2HCX1\C$\Users\Bampton\Desktop\Maine_Public_Health\Maine_Public_Health_Districts_1" date="20160912" time="13425400"></copy></copyHistory></DataProperties><SyncDate>20160912</SyncDate><SyncTime>12061900</SyncTime><ModDate>20160912</ModDate><ModTime>12061900</ModTime></Esri></metadata>
